<fb4b-page style="background-color:#F6F7F8">
	<!-- GK for more control -->
	<meta name="gk" value="fbb_lwe_launch_mvp" />
	<!-- END GK -->
	<!-- BANNER FOR FEEDBACK FROM EMPLOYEES -->
	<gk project="fb4b_employees_only">
		<ref id="1935539653403451" />
	</gk>
	<!-- END BANNER FOR FEEDBACK FROM EMPLOYEES -->
	<meta name="fb4b_version" value="v3" />
	<!-- Pixel call out -->
	<meta name="fb4b_pixel_events" value="ViewContent" />
	<!-- End Pixel call out-->
	<!-- SEO meta data -->
	<!-- Meta title should be preferably a maximum of 65 characters-->
	<meta name="title">Express WiFi SMS Configuration</meta>
	<!-- Meta description should be preferably a maximum of 170 characters-->
	<meta name="description">Get an understanding of how to set up Express Wifi SMS for the first time.</meta>
	<!-- Meta keywords should not be more than 20 phrases and each phrase need to be separated by a comma-->
	<meta name="keywords">express wifi, facebook business, facebook partner portal</meta>
	<!-- Og:title is used for social media sharing-->
	<meta name="og:title">Express WiFi SMS Configuration Guide</meta>
	<!-- Og:author is used to identify the author of the documentation article-->
	<meta name="og:author">Christopher Reynaga</meta>
  <!-- Og:description is used for social media sharing-->
	<meta name="og:description">Get an understanding on the configuration requirements for setting up SMS in XPP for our valued partners.</meta>
	<!-- Og:image is used for social media sharing-->
	<meta name="og:image" value="GE_LPAOegzUuGRMBAAAAAAAlzy8Ybj0JAAAD" />
	<!-- End of SEO meta data -->
	<!--Survey Activation-->
	<meta name="fb4b_survey_type" value="fb4b_core" />
	<meta name="fb4b_survey_delay" value="5" />
	<!--End survey-->
	<!-- Lesson sidenav information -->
	<meta name = "duration_in_min" value = "5" />
	<meta name = "lesson_type" value = "text" />
	<meta name="preview_text"></meta>
	<!-- Changing background color to match both columns -->
	<ref id="417847208949206" />
  
  
	<!-- SECTION, HEADER -->
	<section backgroundcolor="#F6F7F8">
		<c01 textalign="left" toppaddingsize="small" bottompaddingsize="none" removetoppadding="true">
			<header fontweight="light">
				<image handle="GKkhUgOSmkp4RucCAAAAAABRljwKbj0JAAAD" style="width:20px;height:20px;margin-bottom:-5px;padding-right:10px;" />5 min
			</header>
      <header stylelevel="2" level="1" fontweight="normal">Express WiFi SMS Configuration Guide</header>
		</c01>
    
		<!-- CONTENT, COPY THAT PAIRS WITH HEADER - BULLETPOINT VARIANT -->
		<c01 textalign="left" toppaddingsize="small" bottompaddingsize="small">
			<header stylelevel="3">Table of Contents:</header>
			<content>
				<ul>
          <li><i>Introduction</i></li>
          <li><i>SMS Configuration Requirements</i></li>
          <li><i>Configuring SMS</i></li>
          <li><i>SMS Verification</i></li>
				</ul>
			</content>
		</c01>
	</section>
	<section backgroundcolor="#F6F7F8">
		<c01 textalign="left" toppaddingsize="none" bottompaddingsize="small" removetoppadding="true">
			<header stylelevel="2">Introduction</header>
			<content> Express Wi-Fi (XWF) requires messages to be sent to both retailers and customers, for multiple reasons. The primary way the system communicates these messages is through SMS (text messaging). This guide will help an XWF administrator  understand, setup and enable SMS messaging in the Express WiFi Portal (XPP). Currently, XWF only offers Infobip (infobip.com) as the SMS service partner.
        <p/>
        <header stylelevel="3">SMS Configuration Requirements</header>
        <p>Below are the configuration requirements for setting up SMS in XPP.</p>
<ul>
<li>Setup as an XWF partner and have access to the XPP Portal. </li>
  <li>During the setup period you get 500 free initial messages via Express Wi-Fi, and can be monitored from the XPP Portal. Once these 500 messages are used, customers will be unable to get SMS messages from the system. </li>
        </ul>
        <ul>
          <li>As a partner you will need to setup an account with Infobip. Username and password to the account are required (<a href="https://www.infobip.com/">https://www.infobip.com/</a>)</li>
              <li>A Infobib URL is required, and can be acquired using these instructions:  <a href="https://dev.infobip.com/getting-started/base-url">https://dev.infobip.com/getting-started/base-url</a>
              </li>
        </ul>
      </content>
    </c01>
  </section>
	<section backgroundcolor="#F6F7F8">
		<c01 textalign="left" toppaddingsize="none" bottompaddingsize="small" removetoppadding="true">
      <header stylelevel="2">Configuring SMS</header>
      <content><b>About the XPP Portal:</b> Express Wi-Fi is an expanding ecosystem of mobile network operators and internet service providers that help provide fast, affordable, reliable, and scalable internet access. Through this program, service providers partner with local communities and local entrepreneurs to extend Wi-Fi coverage. Facebook helps by providing a comprehensive Wi-Fi platform that partners can leverage to better manage and grow their Wi-Fi offering. This platform is monitored and controlled using what is known as the Express WiFi Portal (XPP). 
        <p/>
As a partner there are three steps to setup SMS within the XPP. The first is to configure the SMS, secondly is to verify connectivity, and finally approve the SMS settings.</content>
		</c01>
		<x04 closeall="false" focusexpandeddrawer="true" style="margin:auto;padding: 0 12px;">
			<x04-item>
        <header style="font-family: 'Freight Sans LF Pro Light'; font-size: 25px; line-height: 30px;font-weight: normal"><b>SMS Configuration</b></header>
				<tc01a usewidetext="false">
					<content> 
            
            <ul>
              <li>Enter your <b>user ID</b> and <b>password</b> to login to the Express Wifi Portal. Login credentials are provided by the Express Wifi team.</li>
              <li>Select the <b>Configure</b> tab.</li>
              <li>In the left pane go to <b>Network Planning.</b></li>
              <li>Select the <b>SMS</b> option.</li>
            </ul>
            <p/>
            <media group="921404781558645" style="max-width:660px;display:block;margin-left:auto;margin-right:auto;" />
						<p/>
            <ul>
              <li>Enter your <b>user ID</b> and <b>password</b> for InfoBip.</li>
              <li>In the URL field enter the InfoBip address obtained from their website. <i>Get additional information on how to setup an Infobib URL here: <a href="https://dev.infobip.com/getting-started">https://dev.infobip.com/getting-started</a>  
                </i>
              </li>
              <li>Click <b>Label</b> to submit the login and url info for InfoBib.</li>
            </ul>
            <p/>
            <media group="990697797928160" style="max-width:660px;display:block;margin-left:auto;margin-right:auto;" />
            
          </content>
				</tc01a>
				
			</x04-item>
			
		</x04>
	</section>
  
	<!-- TRANSITION STATEMENT -->
  
	<section style="border: 1px solid #dbdbdb">
		<x01 usemaxheight="true" bottompaddingsize="none" toppaddingsize="none">
			<x01-item>
				<header>Knowledge Check</header>
				<c01 textalign="left">
					<content>
						<lwe-quiz allowretry="true">
							<question>
								<b>What are the configuration requirements for setting up SMS for XPP? </b>
							</question>
							<choice>A. Be an XWF partner with access to the XPP Portal.</choice>
							<choice>B. Have an account with Infobip.</choice>
							<choice>C. Have an Infobib URL. </choice>
							<choice correct="true">D. All of the above</choice>
							<correct>You're right! You are ready to configure SMS in XPP.</correct>
							<incorrect>The correct answer is "all of the above." Please review all of the required steps above before you begin.</incorrect>
						</lwe-quiz>
					</content>
				</c01>
			</x01-item>
			<x01-item>
				<header>Tips</header>
				<c01 textalign="left" issubhead="true">
					<header>Make sure your business has all the proper accounts set up and provisioned before beginning SMS configuration. Please contact our team if you need any assistance.</header>
				</c01>
			</x01-item>
		</x01>
	</section>
  
	<!-- LWE-PREV-NEXT NAV -->
	<section backgroundcolor="transparent">
		<lwe-prev-next toppaddingsize="none" bottompaddingsize="none" visibility="desktop"></lwe-prev-next>
	</section>
  
	<!-- THANKS FOR LEARNING MODULE -->
	<ref id="867063236977326" />
  
	<!-- FEEDBACK MODULE -->
	<fb4b-universal-feedback pagetype="fbb" />
</fb4b-page> 